Workbook

Sheet Sheet1
A1: Mass vs. Velocity Summary | AI1: Mass A – Normalized | AL1: Mass E – Normalized
AI2: t (s) | AJ2: y (m) | AL2: t (s) | AM2: y (m)
B3: Mass A — mass = 2.83 g | AI3: =B6-$B$6 -> 0 | AJ3: =C6-$C$6 -> 0 | AL3: =B84-$B$84 -> 0 | AM3: =C84-$C$84 -> 0
B4: v_term (m/s): | C4: =SLOPE(C6:C23,B6:B23) -> -9.5211122 | E4: v_term (m/s): | F4: =SLOPE(F6:F19,E6:E19) -> -9.1797924 | H4: v_term (m/s): | I4: =SLOPE(I6:I19,H6:H19) -> -8.835415 | K4: v_term (m/s): | L4: -8.8870698 | N4: v_term (m/s): | O4: -8.7834131 | AI4: =B7-$B$6 -> 0.016667 | AJ4: =C7-$C$6 -> -0.170931 | AL4: =B85-$B$84 -> 0.016667 | AM4: =C85-$C$84 -> -0.202585
B5: Trial 1 t (s) | C5: y (m) | E5: Trial 2 t (s) | F5: y (m) | H5: Trial 3 t (s) | I5: y (m) | K5: Trial 4 t (s) | L5: y (m) | N5: Trial 5 t (s) | O5: y (m) | AI5: =B8-$B$6 -> 0.033334 | AJ5: =C8-$C$6 -> -0.328368 | AL5: =B86-$B$84 -> 0.033333 | AM5: =C86-$C$84 -> -0.4012495
B6: 2.133333 | C6: 2.156881 | E6: 2.333333 | F6: 1.183994 | H6: 1.916667 | I6: 1.153114 | K6: 1.883333 | L6: 1.302849 | N6: 1.966667 | O6: 1.069565 | AI6: =B9-$B$6 -> 0.05 | AJ6: =C9-$C$6 -> -0.481306 | AL6: =B87-$B$84 -> 0.05 | AM6: =C87-$C$84 -> -0.6012206
B7: 2.15 | C7: 1.98595 | E7: 2.35 | F7: 1.027094 | H7: 1.933333 | I7: 1.006607 | K7: 1.9 | L7: 1.145295 | N7: 1.983333 | O7: 0.9169611 | AI7: =B10-$B$6 -> 0.066667 | AJ7: =C10-$C$6 -> -0.634245 | AL7: =B88-$B$84 -> 0.066667 | AM7: =C88-$C$84 -> -0.8038057
B8: 2.166667 | C8: 1.828513 | E8: 2.366667 | F8: 0.8750211 | H8: 1.95 | I8: 0.8575734 | K8: 1.916667 | L8: 0.9998611 | N8: 2 | O8: 0.7643573 | AI8: =B11-$B$6 -> 0.083334 | AJ8: =C11-$C$6 -> -0.805176 | AL8: =B89-$B$84 -> 0.083333 | AM8: =C89-$C$84 -> -1.0116188
B9: 2.183333 | C9: 1.675575 | E9: 2.383333 | F9: 0.7301901 | H9: 1.966667 | I9: 0.700962 | K9: 1.933333 | L9: 0.8453371 | N9: 2.016667 | O9: 0.6197854 | AI9: =B12-$B$6 -> 0.1 | AJ9: =C12-$C$6 -> -0.96711 | AL9: =B90-$B$84 -> 0.1 | AM9: =C90-$C$84 -> -1.21159
B10: 2.2 | C10: 1.522636 | E10: 2.4 | F10: 0.5757036 | H10: 1.983333 | I10: 0.5595066 | K10: 1.95 | L10: 0.6968729 | N10: 2.033333 | O10: 0.4671816 | AI10: =B13-$B$6 -> 0.116667 | AJ10: =C13-$C$6 -> -1.120049 | AL10: =B91-$B$84 -> 0.116667 | AM10: =C91-$C$84 -> -1.4089471
B11: 2.216667 | C11: 1.351705 | E11: 2.416667 | F11: 0.4260448 | H11: 2 | I11: 0.4180512 | K11: 1.966667 | L11: 0.5514386 | N11: 2.05 | O11: 0.3226097 | AI11: =B14-$B$6 -> 0.133334 | AJ11: =C14-$C$6 -> -1.2774854 | AL11: =B92-$B$84 -> 0.133333 | AM11: =C92-$C$84 -> -1.6180672
B12: 2.233333 | C12: 1.189771 | E12: 2.433333 | F12: 0.2739721 | H12: 2.016667 | I12: 0.2715439 | K12: 1.983333 | L12: 0.3938847 | N12: 2.066667 | O12: 0.1753604 | AI12: =B15-$B$6 -> 0.15 | AJ12: =C15-$C$6 -> -1.4439183 | AL12: =B93-$B$84 -> 0.15 | AM12: =C93-$C$84 -> -1.8245734
B13: 2.25 | C13: 1.036832 | E13: 2.45 | F13: 0.1194856 | H13: 2.033333 | I13: 0.1199845 | K13: 2 | L13: 0.2514802 | N13: 2.083333 | O13: 0.02811122 | AI13: =B16-$B$6 -> 0.166667 | AJ13: =C16-$C$6 -> -1.6013549 | AL13: =B94-$B$84 -> 0.166667 | AM13: =C94-$C$84 -> -2.0206235
B14: 2.266667 | C14: 0.8793956 | E14: 2.466667 | F14: -0.02775929 | H14: 2.05 | I14: -0.02147091 | K14: 2.016667 | L14: 0.09695623 | N14: 2.1 | O14: -0.129847 | AI14: =B17-$B$6 -> 0.183334 | AJ14: =C17-$C$6 -> -1.7542932
B15: 2.283333 | C15: 0.7129627 | E15: 2.483333 | F15: -0.1870735 | H15: 2.066667 | I15: -0.1730303 | K15: 2.033333 | L15: -0.04241835 | N15: 2.116667 | O15: -0.2610327 | AI15: =B18-$B$6 -> 0.2 | AJ15: =C18-$C$6 -> -1.916228
B16: 2.3 | C16: 0.5555261 | E16: 2.5 | F16: -0.3472918 | H16: 2.083333 | I16: -0.3220636 | K16: 2.05 | L16: -0.206032 | N16: 2.133333 | O16: -0.4082819 | AI16: =B19-$B$6 -> 0.216667 | AJ16: =C19-$C$6 -> -2.0736645
B17: 2.316667 | C17: 0.4025878 | E17: 2.516667 | F17: -0.5021215 | H17: 2.1 | I17: -0.463519 | K17: 2.066667 | L17: -0.333287 | N17: 2.15 | O17: -0.5662402 | AI17: =B20-$B$6 -> 0.233334 | AJ17: =C20-$C$6 -> -2.2311011
B18: 2.333333 | C18: 0.240653 | E18: 2.533333 | F18: -0.6483496 | H18: 2.116667 | I18: -0.6201304 | K18: 2.083333 | L18: -0.4817513 | N18: 2.166667 | O18: -0.7001031 | AI18: =B21-$B$6 -> 0.25 | AJ18: =C21-$C$6 -> -2.3885376
B19: 2.35 | C19: 0.08321646 | E19: 2.55 | F19: -0.8096306 | H19: 2.133333 | I19: -0.7641118 | K19: 2.1 | L19: -0.6332454 | N19: 2.183333 | O19: -0.8152253 | AI19: =B22-$B$6 -> 0.266667 | AJ19: =C22-$C$6 -> -2.5324796
B20: 2.366667 | C20: -0.07422009 | K20: 2.116667 | L20: -0.7665602 | AI20: =B23-$B$6 -> 0.283334 | AJ20: =C23-$C$6 -> -2.7079089
B21: 2.383333 | C21: -0.2316566
B22: 2.4 | C22: -0.3755986
B23: 2.416667 | C23: -0.5510279
B26: Mass B — mass = 3.92 g
B27: v_term (m/s): | C27: =SLOPE(C29:C42,B29:B42) -> -9.5334844 | E27: v_term (m/s): | F27: =SLOPE(F29:F42,E29:E42) -> -10.025588 | H27: v_term (m/s): | I27: -9.4621 | K27: v_term (m/s): | L27: =SLOPE(L29:L42,K29:K42) -> -10.210334 | N27: v_term (m/s): | O27: -10.007525
B28: Trial 1 t (s) | C28: y (m) | E28: Trial 2 t (s) | F28: y (m) | H28: Trial 3 t (s) | I28: y (m) | K28: Trial 4 t (s) | L28: y (m) | N28: Trial 5 t (s) | O28: y (m)
B29: 2.416667 | C29: 1.275267 | E29: 1.95 | F29: 1.475215 | H29: 1.783333 | I29: 1.183428 | N29: 1.833333 | O29: 1.001364
B30: 2.433333 | C30: 1.116227 | E30: 1.966667 | F30: 1.285273 | H30: 1.8 | I30: 1.01859 | K30: 1.95 | L30: 1.281579 | N30: 1.85 | O30: 0.840382
B31: 2.45 | C31: 0.9454056 | E31: 1.983333 | F31: 1.120657 | H31: 1.816667 | I31: 0.8680863 | K31: 1.966667 | L31: 1.104677 | N31: 1.866667 | O31: 0.6739427
B32: 2.466667 | C32: 0.7922558 | E32: 2 | F32: 0.9528751 | H32: 1.833333 | I32: 0.7086236 | K32: 1.983333 | L32: 0.9316205 | N32: 1.883333 | O32: 0.5102319
B33: 2.483333 | C33: 0.6332156 | E33: 2.016667 | F33: 0.7850931 | H33: 1.85 | I33: 0.5437858 | K33: 2 | L33: 0.7701012 | N33: 1.9 | O33: 0.3410641
B34: 2.5 | C34: 0.4771206 | E34: 2.033333 | F34: 0.6236425 | H34: 1.866667 | I34: 0.3950733 | K34: 2.016667 | L34: 0.5951219 | N34: 1.916667 | O34: 0.1773533
B35: 2.516667 | C35: 0.3180804 | E35: 2.05 | F35: 0.4558605 | H35: 1.883333 | I35: 0.2266521 | K35: 2.033333 | L35: 0.4201426 | N35: 1.933333 | O35: 0.01091405
B36: 2.533333 | C36: 0.1590402 | E36: 2.066667 | F36: 0.2849128 | H36: 1.9 | I36: 0.07256449 | K36: 2.05 | L36: 0.2451633 | N36: 1.95 | O36: -0.1609823
B37: 2.55 | C37: 0.005890377 | E37: 2.083333 | F37: 0.1171308 | H37: 1.916667 | I37: -0.08152307 | K37: 2.066667 | L37: 0.07979825 | N37: 1.966667 | O37: -0.324693
B38: 2.566667 | C38: -0.156095 | E38: 2.1 | F38: -0.04748547 | H38: 1.933333 | I38: -0.2427775 | K38: 2.083333 | L38: -0.09133535 | N38: 1.983333 | O38: -0.4938608
B39: 2.583333 | C39: -0.3239708 | E39: 2.116667 | F39: -0.2152675 | H39: 1.95 | I39: -0.4111988 | K39: 2.1 | L39: -0.2624689 | N39: 2 | O39: -0.6575716
B40: 2.6 | C40: -0.4741754 | E40: 2.133333 | F40: -0.3862152 | H40: 1.966667 | I40: -0.5724532 | K40: 2.116667 | L40: -0.427834 | N40: 2.016667 | O40: -0.834925
B41: 2.616667 | C41: -0.639106 | E41: 2.15 | F41: -0.5476657 | H41: 1.983333 | I41: -0.7211656 | K41: 2.133333 | L41: -0.5893533
B42: 2.633333 | C42: -0.7922558 | E42: 2.166667 | F42: -0.6996193 | H42: 2 | I42: -0.8394189 | K42: 2.15 | L42: -0.7604869
B45: Mass C — mass = 5.3 g
B46: v_term (m/s): | C46: =SLOPE(C48:C59,B48:B59) -> -11.081832 | E46: v_term (m/s): | F46: =SLOPE(F48:F59,E48:E59) -> -10.675923 | H46: v_term (m/s): | I46: =SLOPE(I48:I60,H48:H60) -> -10.723052 | K46: v_term (m/s): | L46: =SLOPE(L48:L60,K48:K60) -> -10.223589 | N46: v_term (m/s): | O46: -11.091861
B47: Trial 1 t (s) | C47: y (m) | E47: Trial 2 t (s) | F47: y (m) | H47: Trial 3 t (s) | I47: y (m) | K47: Trial 4 t (s) | L47: y (m) | N47: Trial 5 t (s) | O47: y (m)
B48: 1.716667 | C48: 1.442079 | E48: 1.716667 | F48: 1.14236 | H48: 1.816667 | I48: 1.282407 | K48: 1.666667 | L48: 1.220747 | N48: 1.3 | O48: 1.063264
B49: 1.733333 | C49: 1.253766 | E49: 1.733333 | F49: 0.9683526 | H49: 1.833333 | I49: 1.094104 | K49: 1.683333 | L49: 1.048072 | N49: 1.316667 | O49: 0.8668896
B50: 1.75 | C50: 1.06215 | E50: 1.75 | F50: 0.794345 | H50: 1.85 | I50: 0.9079656 | K50: 1.7 | L50: 0.8666537 | N50: 1.333333 | O50: 0.6782668
B51: 1.766667 | C51: 0.8771409 | E51: 1.766667 | F51: 0.6098968 | H51: 1.866667 | I51: 0.7304848 | K51: 1.716667 | L51: 0.6939787 | N51: 1.35 | O51: 0.4948118
B52: 1.783333 | C52: 0.6921319 | E52: 1.783333 | F52: 0.4341491 | H52: 1.883333 | I52: 0.5508397 | K52: 1.733333 | L52: 0.5191179 | N52: 1.366667 | O52: 0.3191084
B53: 1.8 | C53: 0.5071229 | E53: 1.8 | F53: 0.2653617 | H53: 1.9 | I53: 0.3668657 | K53: 1.75 | L53: 0.3442572 | N53: 1.383333 | O53: 0.1253179
B54: 1.816667 | C54: 0.3188102 | E54: 1.816667 | F54: 0.08439371 | H54: 1.916667 | I54: 0.189385 | K54: 1.766667 | L54: 0.1715821 | N54: 1.4 | O54: -0.04780166
B55: 1.833333 | C55: 0.1371049 | E55: 1.833333 | F55: -0.09831433 | H55: 1.933333 | I55: 0.0140686 | K55: 1.783333 | L55: 0.005464399 | N55: 1.416667 | O55: -0.2390083
B56: 1.85 | C56: -0.04790412 | E56: 1.85 | F56: -0.2688418 | H56: 1.95 | I56: -0.1742342 | K56: 1.8 | L56: -0.1650249 | N56: 1.433333 | O56: -0.4250472
B57: 1.866667 | C57: -0.2230019 | E57: 1.866667 | F57: -0.45329 | H57: 1.966667 | I57: -0.3582081 | K57: 1.816667 | L57: -0.3333284 | N57: 1.45 | O57: -0.6085022
B58: 1.883333 | C58: -0.4047072 | E58: 1.883333 | F58: -0.6307778 | H58: 1.983333 | I58: -0.5291957 | K58: 1.833333 | L58: -0.5016319 | N58: 1.466667 | O58: -0.7945412
B59: 1.9 | C59: -0.5963236 | E59: 1.9 | F59: -0.8204461 | H59: 2 | I59: -0.7023476 | K59: 1.85 | L59: -0.6808642
H60: 2.016667 | I60: -0.8387048 | K60: 1.866667 | L60: -0.7967094
B63: Mass D — mass = 6.12 g
B64: v_term (m/s): | C64: =SLOPE(C66:C77,B66:B77) -> -11.710037 | E64: v_term (m/s): | F64: =SLOPE(F66:F78,E66:E78) -> -10.91238 | H64: v_term (m/s): | I64: -11.435741 | K64: v_term (m/s): | L64: =SLOPE(L66:L77,K66:K77) -> -11.516329 | N64: v_term (m/s): | O64: =SLOPE(O66:O75,N66:N75) -> -11.563749
B65: Trial 1 t (s) | C65: y (m) | E65: Trial 2 t (s) | F65: y (m) | H65: Trial 3 t (s) | I65: y (m) | K65: Trial 4 t (s) | L65: y (m) | N65: Trial 5 t (s) | O65: y (m)
B66: 2.366667 | C66: 1.292723 | E66: 1.666667 | F66: 1.353253 | H66: 1.783333 | I66: 1.299041 | K66: 0.8333333 | L66: 1.279383 | N66: 1.333333 | O66: 0.9620843
B67: 2.383333 | C67: 1.093999 | E67: 1.683333 | F67: 1.165343 | H67: 1.8 | I67: 1.107664 | K67: 0.85 | L67: 1.083573 | N67: 1.35 | O67: 0.7662314
B68: 2.4 | C68: 0.8973019 | E68: 1.7 | F68: 0.9774333 | H68: 1.816667 | I68: 0.9191875 | K68: 0.8666667 | L68: 0.8877622 | N68: 1.366667 | O68: 0.5772506
B69: 2.416667 | C69: 0.7006052 | E69: 1.716667 | F69: 0.8046776 | H69: 1.833333 | I69: 0.7307106 | K69: 0.8833333 | L69: 0.6813674 | N69: 1.383333 | O69: 0.3917057
B70: 2.433333 | C70: 0.5059363 | E70: 1.733333 | F70: 0.6152526 | H70: 1.85 | I70: 0.5364344 | K70: 0.9 | L70: 0.4961413 | N70: 1.4 | O70: 0.1889808
B71: 2.45 | C71: 0.3072118 | E71: 1.75 | F71: 0.4318891 | H71: 1.866667 | I71: 0.3479574 | K71: 0.9166667 | L71: 0.3056231 | N71: 1.416667 | O71: -0.006872031
B72: 2.466667 | C72: 0.1175505 | E72: 1.766667 | F72: 0.2485257 | H72: 1.883333 | I72: 0.1652798 | K72: 0.9333333 | L72: 0.1177509 | N72: 1.433333 | O72: -0.1924169
B73: 2.483333 | C73: -0.08314547 | E73: 1.783333 | F73: 0.05910062 | H73: 1.9 | I73: -0.02319716 | K73: 0.95 | L73: -0.08599783 | N73: 1.45 | O73: -0.3917057
B74: 2.5 | C74: -0.2809743 | E74: 1.8 | F74: -0.1242628 | H74: 1.916667 | I74: -0.2174734 | K74: 0.9666667 | L74: -0.2712239 | N74: 1.466667 | O74: -0.5841226
B75: 2.516667 | C75: -0.4745026 | E75: 1.816667 | F75: -0.3030801 | H75: 1.933333 | I75: -0.4146493 | K75: 0.9833333 | L75: -0.4643883 | N75: 1.483333 | O75: -0.7662314
B76: 2.533333 | C76: -0.6680308 | E76: 1.833333 | F76: -0.4879589 | H76: 1.95 | I76: -0.5944273 | K76: 1 | L76: -0.6496144
B77: 2.55 | C77: -0.842923 | E77: 1.85 | F77: -0.6652608 | H77: 1.966667 | I77: -0.8148003 | K77: 1.016667 | L77: -0.8236681
E78: 1.866667 | F78: -0.798616
B81: Mass E — mass = 7.59 g
B82: v_term (m/s): | C82: =SLOPE(C84:C94,B84:B94) -> -12.144411 | E82: v_term (m/s): | F82: -11.717895 | H82: v_term (m/s): | I82: =SLOPE(I84:I95,H84:H95) -> -11.52504 | K82: v_term (m/s): | L82: =SLOPE(L84:L93,K84:K93) -> -12.251193 | N82: v_term (m/s): | O82: =SLOPE(O84:O96,N84:N96) -> -12.12086
B83: Trial 1 t (s) | C83: y (m) | E83: Trial 2 t (s) | F83: y (m) | H83: Trial 3 t (s) | I83: y (m) | K83: Trial 4 t (s) | L83: y (m) | N83: Trial 5 t (s) | O83: y (m)
B84: 1.85 | C84: 1.253414 | E84: 1.483333 | F84: 1.279911 | H84: 1.7 | I84: 1.27139 | K84: 1.5 | L84: 1.054324 | N84: 1.95 | O84: 1.551829
B85: 1.866667 | C85: 1.050829 | E85: 1.5 | F85: 1.071241 | H85: 1.716667 | I85: 1.058409 | K85: 1.516667 | L85: 0.8502614 | N85: 1.966667 | O85: 1.333362
B86: 1.883333 | C86: 0.8521645 | E86: 1.516667 | F86: 0.8873638 | H86: 1.733333 | I86: 0.8714021 | K86: 1.533333 | L86: 0.6393966 | N86: 1.983333 | O86: 1.117269
B87: 1.9 | C87: 0.6521934 | E87: 1.533333 | F87: 0.689024 | H87: 1.75 | I87: 0.6792002 | K87: 1.55 | L87: 0.4387349 | N87: 2 | O87: 0.9059262
B88: 1.916667 | C88: 0.4496083 | E88: 1.55 | F88: 0.4948164 | H88: 1.766667 | I88: 0.4766089 | K88: 1.566667 | L88: 0.2312711 | N88: 2.016667 | O88: 0.7064562
B89: 1.933333 | C89: 0.2417952 | E89: 1.566667 | F89: 0.2923445 | H89: 1.783333 | I89: 0.276615 | K89: 1.583333 | L89: 0.03060941 | N89: 2.033333 | O89: 0.4974876
B90: 1.95 | C90: 0.04182403 | E90: 1.583333 | F90: 0.0898727 | H90: 1.8 | I90: 0.09220499 | K90: 1.6 | L90: -0.1700523 | N90: 2.05 | O90: 0.2932684
B91: 1.966667 | C91: -0.1555331 | E91: 1.6 | F91: -0.1084671 | H91: 1.816667 | I91: -0.09999696 | K91: 1.616667 | L91: -0.3877192 | N91: 2.066667 | O91: 0.08667446
B92: 1.983333 | C92: -0.3646532 | E92: 1.616667 | F92: -0.3068068 | H92: 1.833333 | I92: -0.2921989 | K92: 1.633333 | L92: -0.5781778 | N92: 2.083333 | O92: -0.1175448
B93: 2 | C93: -0.5711594 | E93: 1.633333 | F93: -0.5051466 | H93: 1.85 | I93: -0.5025821 | K93: 1.65 | L93: -0.7822405 | N93: 2.1 | O93: -0.3193894
B94: 2.016667 | C94: -0.7672095 | E94: 1.65 | F94: -0.6993542 | H94: 1.866667 | I94: -0.6817975 | N94: 2.116667 | O94: -0.5307326
E95: 1.666667 | F95: -0.8274487 | H95: 1.883333 | I95: -0.8090663 | N95: 2.133333 | O95: -0.7135801
N96: 2.15 | O96: -0.8156898
B99: SUMMARY — Terminal Velocity vs. Mass | L99: PHYSICAL CONSTANTS
L100: Parameter | M100: Value | N100: Error | O100: Unit | R100: Exra information
B101: Mass (g) | C101: Trial 1 | D101: Trial 2 | E101: Trial 3 | F101: Trial 4 | G101: Trial 5 | H101: Terminal velocity (m/s) | I101: Cd | L101: ping pong ball diameter | M101: 0.04 | N101: 0.001 | O101: m | R101: weather | S101: sunny
B102: 2.83 | C102: =ABS(C4) -> 9.5211122 | D102: =ABS(F4) -> 9.1797924 | E102: =ABS(I4) -> 8.835415 | F102: =ABS(L4) -> 8.8870698 | G102: =ABS(O4) -> 8.7834131 | H102: =AVERAGE(C102:G102) -> 9.0413605 | I102: =2*(B102/1000)*$M$103/($M$102*$M$104*H102^2) -> 0.45314237 | L102: air density (73°F) | M102: =101325/(287.05*((73-32)*5/9+273.15)) -> 1.1928156 | N102: 0.005 | O102: kg/m³ | R102: temp | S102: 73 f
B103: 3.92 | C103: =ABS(C27) -> 9.5334844 | D103: =ABS(F27) -> 10.025588 | E103: =ABS(I27) -> 9.4621 | F103: =ABS(L27) -> 10.210334 | G103: =ABS(O27) -> 10.007525 | H103: =AVERAGE(C103:G103) -> 9.8478064 | I103: =2*(B103/1000)*$M$103/($M$102*$M$104*H103^2) -> 0.52908186 | L103: gravity g | M103: 9.81 | N103: 0.01 | O103: m/s² | R103: day | S103: 46170
B104: 5.3 | C104: =ABS(C46) -> 11.081832 | D104: =ABS(F46) -> 10.675923 | E104: =ABS(I46) -> 10.723052 | F104: =ABS(L46) -> 10.223589 | G104: =ABS(O46) -> 11.091861 | H104: =AVERAGE(C104:G104) -> 10.759251 | I104: =2*(B104/1000)*$M$103/($M$102*$M$104*H104^2) -> 0.59927696 | L104: frontal area A = πd²/4 | M104: =PI()*M101^2/4 -> 0.0012566371 | N104: =2*(N101/M101)*M104 -> 6.2831853e-05 | O104: m²
B105: 6.12 | C105: =ABS(C64) -> 11.710037 | D105: =ABS(F64) -> 10.91238 | E105: =ABS(I64) -> 11.435741 | F105: =ABS(L64) -> 11.516329 | G105: =ABS(O64) -> 11.563749 | H105: =AVERAGE(C105:G105) -> 11.427647 | I105: =2*(B105/1000)*$M$103/($M$102*$M$104*H105^2) -> 0.61341385 | L105: drop height h | M105: 12 | N105: 1 | O105: m
B106: 7.59 | C106: =ABS(C82) -> 12.144411 | D106: =ABS(F82) -> 11.717895 | E106: =ABS(I82) -> 11.52504 | F106: =ABS(L82) -> 12.251193 | G106: =ABS(O82) -> 12.12086 | H106: =AVERAGE(C106:G106) -> 11.95188 | I106: =2*(B106/1000)*$M$103/($M$102*$M$104*H106^2) -> 0.69548082 | L106: video position uncertainty δy | M106: 0.07
L107: video frame period δt (60 Hz) | M107: =1/60 -> 0.016666667
B110: error treatement
B112: Mass (g) | C112: Mass Error (g) | D112: Terminal Velocity (m/s) | E112: Terminal Velocity Uncertainty (m/s) | I112: terimnal velocity uncertainty (should include uncertainty from physical constants and from measurements (0.07m and 60hz video | J112: terminal velocity experimental uncertainty (rms)
B113: =B102 -> 2.83 | C113: 0.1 | D113: =H102 -> 9.0413605 | E113: =SQRT(I113^2+J113^2) -> 0.29629097 | I113: =SQRT($M$106^2+(H102*$M$107)^2)/SQRT(DEVSQ($B$6:$B$23)+DEVSQ($E$6:$E$23)+DEVSQ($H$6:$H$23)+DEVSQ($K$6:$K$23)+DEVSQ($N$6:$N$23)) -> 0.26207687 | J113: =_xlfn.STDEV.S(C102:G102)/SQRT(COUNT(C102:G102)) -> 0.13821741
...

Sheet Vt model
A1: Terminal-velocity model — quadratic drag, ball dropped from rest
A3: Forward model (explicit): v(h) = v_t · √(1 − exp(−2·g·h / v_t²)) = speed after falling height h
A4: g and h are linked from Sheet1 constants. The table below is the model curve; Sheet1 looks up the measured v in column B and reads off v_t from column A — exact inversion, no iteration.
A6: v_t grid start (m/s) | B6: 6
A7: v_t grid step (m/s) | B7: 0.01
A9: v_t (m/s) | B9: predicted v after falling h (m/s)
A10: =$B$6 -> 6 | B10: =A10*SQRT(1-EXP(-2*Sheet1!$M$103*Sheet1!$M$105/A10^2)) -> 5.995665
A11: =A10+$B$7 -> 6.01 | B11: =A11*SQRT(1-EXP(-2*Sheet1!$M$103*Sheet1!$M$105/A11^2)) -> 6.0055622
A12: =A11+$B$7 -> 6.02 | B12: =A12*SQRT(1-EXP(-2*Sheet1!$M$103*Sheet1!$M$105/A12^2)) -> 6.0154576
A13: =A12+$B$7 -> 6.03 | B13: =A13*SQRT(1-EXP(-2*Sheet1!$M$103*Sheet1!$M$105/A13^2)) -> 6.025351
A14: =A13+$B$7 -> 6.04 | B14: =A14*SQRT(1-EXP(-2*Sheet1!$M$103*Sheet1!$M$105/A14^2)) -> 6.0352424
A15: =A14+$B$7 -> 6.05 | B15: =A15*SQRT(1-EXP(-2*Sheet1!$M$103*Sheet1!$M$105/A15^2)) -> 6.0451318
A16: =A15+$B$7 -> 6.06 | B16: =A16*SQRT(1-EXP(-2*Sheet1!$M$103*Sheet1!$M$105/A16^2)) -> 6.0550192
A17: =A16+$B$7 -> 6.07 | B17: =A17*SQRT(1-EXP(-2*Sheet1!$M$103*Sheet1!$M$105/A17^2)) -> 6.0649045
A18: =A17+$B$7 -> 6.08 | B18: =A18*SQRT(1-EXP(-2*Sheet1!$M$103*Sheet1!$M$105/A18^2)) -> 6.0747877
A19: =A18+$B$7 -> 6.09 | B19: =A19*SQRT(1-EXP(-2*Sheet1!$M$103*Sheet1!$M$105/A19^2)) -> 6.0846689
A20: =A19+$B$7 -> 6.1 | B20: =A20*SQRT(1-EXP(-2*Sheet1!$M$103*Sheet1!$M$105/A20^2)) -> 6.0945478
A21: =A20+$B$7 -> 6.11 | B21: =A21*SQRT(1-EXP(-2*Sheet1!$M$103*Sheet1!$M$105/A21^2)) -> 6.1044247
A22: =A21+$B$7 -> 6.12 | B22: =A22*SQRT(1-EXP(-2*Sheet1!$M$103*Sheet1!$M$105/A22^2)) -> 6.1142993
... A1210: =A1209+$B$7 -> 18 | B1210: =A1210*SQRT(1-EXP(-2*Sheet1!$M$103*Sheet1!$M$105/A1210^2)) -> 12.936002
